São Borja,Especialista em Comunicação Não-violenta e Cultura de Paz,Integral,00,360,Especialista,Presencial
São Borja,Especialista em Políticas de Atenção à Criança e Adolescente em Situação de Violência,Integral,4,360,Especialista,Presencial
São Borja,Jornalismo,Integral,8,3060,BACHAREL,Presencial
São Borja,Mestrado em Comunicação e Indústria Criativa,Noturno,4,360,Mestrado,Presencial
São Borja,Ciências Humanas,Noturno,10,3770,LICENCIATURA,Presencial
São Borja,Ciências Sociais - Ciência Política,Noturno,8,2400,BACHAREL,Presencial
São Borja,Comunicação Social - Publicidade e Propaganda,Integral,8,2910,BACHAREL,Presencial
São Borja,Direito,Noturno,10,3855,Bacharel,Presencial
São Borja,Geografia,Integral,8,3410,Licenciatura,UAB
São Borja,Mestrado em Políticas Públicas,Integral,4,360,MESTRADO,Presencial
São Borja,Relações Públicas,Noturno,8,3245,BACHAREL,Presencial